ID,Image
40484,https://wow.zamimg.com/uploads/screenshots/small/181363.jpg
44566,https://wow.zamimg.com/uploads/screenshots/small/207726.jpg
55308,https://wow.zamimg.com/uploads/screenshots/small/257931.jpg
55312,https://wow.zamimg.com/uploads/screenshots/small/264351.jpg
40788,https://wow.zamimg.com/uploads/screenshots/small/178896.jpg
50050,https://wow.zamimg.com/uploads/screenshots/small/218467.jpg
40765,https://wow.zamimg.com/uploads/screenshots/small/1142653.jpg
41440,https://wow.zamimg.com/uploads/screenshots/small/432955.jpg
48322,https://wow.zamimg.com/uploads/screenshots/small/397524.jpg
42172,https://wow.zamimg.com/uploads/screenshots/small/204426.jpg
49811,https://wow.zamimg.com/modelviewer/live/webthumbs/npc/238/33006.webp
34485,https://wow.zamimg.com/uploads/screenshots/small/1145478.jpg
43622,https://wow.zamimg.com/modelviewer/live/webthumbs/npc/152/33432.webp
50319,https://wow.zamimg.com/uploads/screenshots/small/219219.jpg
50051,https://wow.zamimg.com/uploads/screenshots/small/269785.jpg
54320,https://wow.zamimg.com/uploads/screenshots/small/912847.jpg
50138,https://wow.zamimg.com/uploads/screenshots/small/801377.jpg
50058,https://wow.zamimg.com/uploads/screenshots/small/222220.jpg
54319,https://wow.zamimg.com/uploads/screenshots/small/236259.jpg
50005,https://wow.zamimg.com/uploads/screenshots/small/215370.jpg
54318,https://wow.zamimg.com/uploads/screenshots/small/280676.jpg
50159,https://wow.zamimg.com/uploads/screenshots/small/214199.jpg
50815,https://wow.zamimg.com/uploads/screenshots/small/235796.jpg
43296,https://wow.zamimg.com/uploads/screenshots/small/446161.jpg
49822,https://wow.zamimg.com/uploads/screenshots/small/187858.jpg
50009,https://wow.zamimg.com/uploads/screenshots/small/218472.jpg
40728,https://wow.zamimg.com/uploads/screenshots/small/216552.jpg
41570,https://wow.zamimg.com/uploads/screenshots/small/200676.jpg
52498,https://wow.zamimg.com/uploads/screenshots/small/236292.jpg
41166,https://wow.zamimg.com/uploads/screenshots/small/555515.jpg
50959,https://wow.zamimg.com/uploads/screenshots/small/235891.jpg
46910,https://wow.zamimg.com/uploads/screenshots/small/1142918.jpg
51661,https://wow.zamimg.com/uploads/screenshots/small/1106998.jpg
52795,https://wow.zamimg.com/uploads/screenshots/small/285476.jpg
47676,https://wow.zamimg.com/uploads/screenshots/small/200189.jpg
43438,https://wow.zamimg.com/uploads/screenshots/small/218590.jpg
39348,https://wow.zamimg.com/uploads/screenshots/small/1142972.jpg
47687,https://wow.zamimg.com/uploads/screenshots/small/199208.jpg
42181,https://wow.zamimg.com/uploads/screenshots/small/216553.jpg
51663,https://wow.zamimg.com/uploads/screenshots/small/214734.jpg
50060,https://wow.zamimg.com/uploads/screenshots/small/216694.jpg
47115,https://wow.zamimg.com/uploads/screenshots/small/197628.jpg
38346,https://wow.zamimg.com/uploads/screenshots/small/190971.jpg
34982,https://wow.zamimg.com/uploads/screenshots/small/188544.jpg
41084,https://wow.zamimg.com/uploads/screenshots/small/203821.jpg
45450,https://wow.zamimg.com/uploads/screenshots/small/540943.jpg
45380,https://wow.zamimg.com/uploads/screenshots/small/177120.jpg
54533,https://wow.zamimg.com/uploads/screenshots/small/270831.jpg
47389,https://wow.zamimg.com/uploads/screenshots/small/197711.jpg
32997,https://wow.zamimg.com/uploads/screenshots/small/896444.jpg
54323,https://wow.zamimg.com/uploads/screenshots/small/235832.jpg
42215,https://wow.zamimg.com/uploads/screenshots/small/196347.jpg
42336,https://wow.zamimg.com/uploads/screenshots/small/575410.jpg
52414,https://wow.zamimg.com/uploads/screenshots/small/217417.jpg
45582,https://wow.zamimg.com/uploads/screenshots/small/896625.jpg
47544,https://wow.zamimg.com/uploads/screenshots/small/213245.jpg
51402,https://wow.zamimg.com/uploads/screenshots/small/210875.jpg
52442,https://wow.zamimg.com/uploads/screenshots/small/950110.jpg
54338,https://wow.zamimg.com/uploads/screenshots/small/235890.jpg
47801,https://wow.zamimg.com/uploads/screenshots/small/229067.jpg
47387,https://wow.zamimg.com/uploads/screenshots/small/182642.jpg
51671,https://wow.zamimg.com/uploads/screenshots/small/759737.jpg
54321,https://wow.zamimg.com/uploads/screenshots/small/235886.jpg
47202,https://wow.zamimg.com/uploads/screenshots/small/1143550.jpg
47053,https://wow.zamimg.com/uploads/screenshots/small/189349.jpg
54324,https://wow.zamimg.com/uploads/screenshots/small/235888.jpg
51662,https://wow.zamimg.com/uploads/screenshots/small/218669.jpg
37088,https://wow.zamimg.com/uploads/screenshots/small/195677.jpg
48451,https://wow.zamimg.com/uploads/screenshots/small/195566.jpg
43050,https://wow.zamimg.com/uploads/screenshots/small/176363.jpg
47386,https://wow.zamimg.com/uploads/screenshots/small/188928.jpg
55715,https://wow.zamimg.com/uploads/screenshots/small/259871.jpg
33497,https://wow.zamimg.com/uploads/screenshots/small/189038.jpg
36094,https://wow.zamimg.com/uploads/screenshots/small/701070.jpg
33053,https://wow.zamimg.com/uploads/screenshots/small/556339.jpg
50044,https://wow.zamimg.com/uploads/screenshots/small/912871.jpg
50065,https://wow.zamimg.com/uploads/screenshots/small/215567.jpg
52146,https://wow.zamimg.com/uploads/screenshots/small/1099081.jpg
42108,https://wow.zamimg.com/uploads/screenshots/small/285227.jpg
39964,https://wow.zamimg.com/uploads/screenshots/small/179781.jpg
40427,https://wow.zamimg.com/uploads/screenshots/small/203958.jpg
48455,https://wow.zamimg.com/uploads/screenshots/small/208469.jpg
44473,https://wow.zamimg.com/uploads/screenshots/small/778438.jpg
36696,https://wow.zamimg.com/uploads/screenshots/small/536426.jpg
50313,https://wow.zamimg.com/uploads/screenshots/small/194074.jpg
52418,https://wow.zamimg.com/uploads/screenshots/small/950092.jpg
43704,https://wow.zamimg.com/uploads/screenshots/small/1140528.jpg
47278,https://wow.zamimg.com/uploads/screenshots/small/292433.jpg
41646,https://wow.zamimg.com/uploads/screenshots/small/204491.jpg
37207,https://wow.zamimg.com/uploads/screenshots/small/195784.jpg
45321,https://wow.zamimg.com/uploads/screenshots/small/181352.jpg
38187,https://wow.zamimg.com/uploads/screenshots/small/245874.jpg
37208,https://wow.zamimg.com/uploads/screenshots/small/756622.jpg
39700,https://wow.zamimg.com/uploads/screenshots/small/215456.jpg
51962,https://wow.zamimg.com/uploads/screenshots/small/764430.jpg
51961,https://wow.zamimg.com/uploads/screenshots/small/255692.jpg
52981,https://wow.zamimg.com/uploads/screenshots/small/238199.jpg
33311,https://wow.zamimg.com/uploads/screenshots/small/192416.jpg
37090,https://wow.zamimg.com/uploads/screenshots/small/195704.jpg
47204,https://wow.zamimg.com/uploads/screenshots/small/839244.jpg
47680,https://wow.zamimg.com/uploads/screenshots/small/211217.jpg
51674,https://wow.zamimg.com/uploads/screenshots/small/755786.jpg
37206,https://wow.zamimg.com/uploads/screenshots/small/195785.jpg
42859,https://wow.zamimg.com/uploads/screenshots/small/201422.jpg
44257,https://wow.zamimg.com/uploads/screenshots/small/285727.jpg
39186,https://wow.zamimg.com/uploads/screenshots/small/497659.jpg
40340,https://wow.zamimg.com/uploads/screenshots/small/178595.jpg
52345,https://wow.zamimg.com/uploads/screenshots/small/219565.jpg
37559,https://wow.zamimg.com/uploads/screenshots/small/1099426.jpg
42337,https://wow.zamimg.com/uploads/screenshots/small/1138379.jpg
48184,https://wow.zamimg.com/uploads/screenshots/small/190560.jpg
44482,https://wow.zamimg.com/uploads/screenshots/small/677581.jpg
39185,https://wow.zamimg.com/uploads/screenshots/small/828265.jpg
41561,https://wow.zamimg.com/uploads/screenshots/small/177838.jpg
35096,https://wow.zamimg.com/uploads/screenshots/small/198145.jpg
40466,https://wow.zamimg.com/uploads/screenshots/small/288009.jpg
44188,https://wow.zamimg.com/uploads/screenshots/small/1141329.jpg
46508,https://wow.zamimg.com/uploads/screenshots/small/211143.jpg
34829,https://wow.zamimg.com/uploads/screenshots/small/912389.jpg
47726,https://wow.zamimg.com/uploads/screenshots/small/197790.jpg
48239,https://wow.zamimg.com/uploads/screenshots/small/205743.jpg
44476,https://wow.zamimg.com/uploads/screenshots/small/176731.jpg
39224,https://wow.zamimg.com/uploads/screenshots/small/276350.jpg
37718,https://wow.zamimg.com/uploads/screenshots/small/309182.jpg
41614,https://wow.zamimg.com/uploads/screenshots/small/214888.jpg
39149,https://wow.zamimg.com/uploads/screenshots/small/195256.jpg
42855,https://wow.zamimg.com/uploads/screenshots/small/223597.jpg
42338,https://wow.zamimg.com/uploads/screenshots/small/179716.jpg
49871,https://wow.zamimg.com/uploads/screenshots/small/285456.jpg
36206,https://wow.zamimg.com/uploads/screenshots/small/912244.jpg
38708,https://wow.zamimg.com/uploads/screenshots/small/198945.jpg
45402,https://wow.zamimg.com/uploads/screenshots/small/191161.jpg
48765,https://wow.zamimg.com/uploads/screenshots/small/559711.jpg
37989,https://wow.zamimg.com/uploads/screenshots/small/494802.jpg
45353,https://wow.zamimg.com/uploads/screenshots/small/756468.jpg
51676,https://wow.zamimg.com/uploads/screenshots/small/221646.jpg
42504,https://wow.zamimg.com/uploads/screenshots/small/214729.jpg
36304,https://wow.zamimg.com/uploads/screenshots/small/198115.jpg
44089,https://wow.zamimg.com/uploads/screenshots/small/191567.jpg
43340,https://wow.zamimg.com/uploads/screenshots/small/189507.jpg
40717,https://wow.zamimg.com/uploads/screenshots/small/195631.jpg
43339,https://wow.zamimg.com/uploads/screenshots/small/1143158.jpg
48278,https://wow.zamimg.com/uploads/screenshots/small/346359.jpg
46317,https://wow.zamimg.com/uploads/screenshots/small/202973.jpg
37557,https://wow.zamimg.com/uploads/screenshots/small/797072.jpg
41645,https://wow.zamimg.com/uploads/screenshots/small/713465.jpg
38845,https://wow.zamimg.com/uploads/screenshots/small/201754.jpg
52648,https://wow.zamimg.com/uploads/screenshots/small/232332.jpg
42657,https://wow.zamimg.com/uploads/screenshots/small/203805.jpg
43007,https://wow.zamimg.com/uploads/screenshots/small/1141548.jpg
40200,https://wow.zamimg.com/uploads/screenshots/small/178122.jpg
49251,https://wow.zamimg.com/uploads/screenshots/small/366932.jpg
47072,https://wow.zamimg.com/uploads/screenshots/small/201103.jpg
47769,https://wow.zamimg.com/uploads/screenshots/small/207274.jpg
49346,https://wow.zamimg.com/uploads/screenshots/small/252199.jpg
38305,https://wow.zamimg.com/uploads/screenshots/small/177162.jpg
46970,https://wow.zamimg.com/uploads/screenshots/small/206004.jpg
56160,https://wow.zamimg.com/uploads/screenshots/small/380337.jpg
43181,https://wow.zamimg.com/uploads/screenshots/small/199752.jpg
42170,https://wow.zamimg.com/uploads/screenshots/small/190106.jpg
45825,https://wow.zamimg.com/uploads/screenshots/small/823950.jpg
41504,https://wow.zamimg.com/uploads/screenshots/small/535332.jpg
51673,https://wow.zamimg.com/uploads/screenshots/small/213404.jpg
44425,https://wow.zamimg.com/uploads/screenshots/small/286111.jpg
42235,https://wow.zamimg.com/uploads/screenshots/small/202594.jpg
43084,https://wow.zamimg.com/uploads/screenshots/small/176364.jpg
56035,https://wow.zamimg.com/uploads/screenshots/small/259858.jpg
40819,https://wow.zamimg.com/uploads/screenshots/small/203780.jpg
39385,https://wow.zamimg.com/uploads/screenshots/small/914548.jpg
43417,https://wow.zamimg.com/uploads/screenshots/small/201084.jpg
48248,https://wow.zamimg.com/uploads/screenshots/small/202543.jpg
41401,https://wow.zamimg.com/uploads/screenshots/small/192139.jpg
44551,https://wow.zamimg.com/uploads/screenshots/small/175533.jpg
40015,https://wow.zamimg.com/uploads/screenshots/small/385025.jpg
44906,https://wow.zamimg.com/uploads/screenshots/small/482253.jpg
34894,https://wow.zamimg.com/uploads/screenshots/small/911749.jpg
44020,https://wow.zamimg.com/uploads/screenshots/small/191598.jpg
51760,https://wow.zamimg.com/uploads/screenshots/small/215452.jpg
40527,https://wow.zamimg.com/uploads/screenshots/small/363070.jpg
48191,https://wow.zamimg.com/uploads/screenshots/small/190017.jpg
48155,https://wow.zamimg.com/uploads/screenshots/small/189175.jpg
40223,https://wow.zamimg.com/uploads/screenshots/small/175815.jpg
42523,https://wow.zamimg.com/uploads/screenshots/small/201404.jpg
36500,https://wow.zamimg.com/uploads/screenshots/small/866471.jpg
46608,https://wow.zamimg.com/uploads/screenshots/small/211650.jpg
44474,https://wow.zamimg.com/uploads/screenshots/small/188705.jpg
37956,https://wow.zamimg.com/uploads/screenshots/small/182077.jpg
42766,https://wow.zamimg.com/uploads/screenshots/small/347249.jpg
51714,https://wow.zamimg.com/uploads/screenshots/small/1101683.jpg
50320,https://wow.zamimg.com/uploads/screenshots/small/200391.jpg
44594,https://wow.zamimg.com/uploads/screenshots/small/172821.jpg
37492,https://wow.zamimg.com/uploads/screenshots/small/176789.jpg
33374,https://wow.zamimg.com/uploads/screenshots/small/173300.jpg
53096,https://wow.zamimg.com/uploads/screenshots/small/262609.jpg
18739,https://wow.zamimg.com/uploads/screenshots/small/258610.jpg
39588,https://wow.zamimg.com/uploads/screenshots/small/203589.jpg
52877,https://wow.zamimg.com/uploads/screenshots/small/246205.jpg
44184,https://wow.zamimg.com/uploads/screenshots/small/191672.jpg
48442,https://wow.zamimg.com/uploads/screenshots/small/189381.jpg
48802,https://wow.zamimg.com/uploads/screenshots/small/196559.jpg
50419,https://wow.zamimg.com/uploads/screenshots/small/1028804.jpg
47682,https://wow.zamimg.com/uploads/screenshots/small/207011.jpg
48630,https://wow.zamimg.com/uploads/screenshots/small/202941.jpg
48848,https://wow.zamimg.com/uploads/screenshots/small/289422.jpg
48706,https://wow.zamimg.com/uploads/screenshots/small/202921.jpg
50481,https://wow.zamimg.com/uploads/screenshots/small/188563.jpg
48683,https://wow.zamimg.com/uploads/screenshots/small/941413.jpg
49779,https://wow.zamimg.com/uploads/screenshots/small/529128.jpg
50491,https://wow.zamimg.com/uploads/screenshots/small/756008.jpg
47667,https://wow.zamimg.com/uploads/screenshots/small/193477.jpg
50496,https://wow.zamimg.com/uploads/screenshots/small/202980.jpg
44710,https://wow.zamimg.com/uploads/screenshots/small/176895.jpg
48686,https://wow.zamimg.com/uploads/screenshots/small/188569.jpg
47120,https://wow.zamimg.com/uploads/screenshots/small/198656.jpg
55869,https://wow.zamimg.com/uploads/screenshots/small/265742.jpg
54969,https://wow.zamimg.com/uploads/screenshots/small/255317.jpg
48154,https://wow.zamimg.com/uploads/screenshots/small/199269.jpg
46950,https://wow.zamimg.com/uploads/screenshots/small/687943.jpg
52363,https://wow.zamimg.com/uploads/screenshots/small/242958.jpg
41280,https://wow.zamimg.com/uploads/screenshots/small/1138354.jpg
45262,https://wow.zamimg.com/uploads/screenshots/small/178257.jpg
50318,https://wow.zamimg.com/uploads/screenshots/small/200389.jpg
41165,https://wow.zamimg.com/uploads/screenshots/small/177357.jpg
50321,https://wow.zamimg.com/uploads/screenshots/small/200393.jpg
41471,https://wow.zamimg.com/uploads/screenshots/small/830341.jpg
39625,https://wow.zamimg.com/uploads/screenshots/small/1182267.jpg
50062,https://wow.zamimg.com/uploads/screenshots/small/528403.jpg
58195,https://wow.zamimg.com/uploads/screenshots/small/444680.jpg
45213,https://wow.zamimg.com/uploads/screenshots/small/272499.jpg
41376,https://wow.zamimg.com/uploads/screenshots/small/216551.jpg
50061,https://wow.zamimg.com/uploads/screenshots/small/221139.jpg
41378,https://wow.zamimg.com/uploads/screenshots/small/200479.jpg
43214,https://wow.zamimg.com/uploads/screenshots/small/351182.jpg
45992,https://wow.zamimg.com/uploads/screenshots/small/559236.jpg
41442,https://wow.zamimg.com/uploads/screenshots/small/244771.jpg
43873,https://wow.zamimg.com/uploads/screenshots/small/197604.jpg
52382,https://wow.zamimg.com/uploads/screenshots/small/597171.jpg
52408,https://wow.zamimg.com/uploads/screenshots/small/860252.jpg
55294,https://wow.zamimg.com/uploads/screenshots/small/266930.jpg
39384,https://wow.zamimg.com/uploads/screenshots/small/198160.jpg
55476,https://wow.zamimg.com/uploads/screenshots/small/1029843.jpg
42043,https://wow.zamimg.com/uploads/screenshots/small/192251.jpg
42042,https://wow.zamimg.com/uploads/screenshots/small/192246.jpg
54432,https://wow.zamimg.com/uploads/screenshots/small/280966.jpg
46916,https://wow.zamimg.com/uploads/screenshots/small/202027.jpg
46654,https://wow.zamimg.com/uploads/screenshots/small/194795.jpg
57777,https://wow.zamimg.com/uploads/screenshots/small/364890.jpg
45993,https://wow.zamimg.com/uploads/screenshots/small/559237.jpg
58153,https://wow.zamimg.com/uploads/screenshots/small/1120390.jpg
52835,https://wow.zamimg.com/uploads/screenshots/small/272060.jpg
39698,https://wow.zamimg.com/uploads/screenshots/small/211718.jpg
46141,https://wow.zamimg.com/uploads/screenshots/small/206175.jpg
46471,https://wow.zamimg.com/uploads/screenshots/small/392827.jpg
58207,https://wow.zamimg.com/uploads/screenshots/small/1082278.jpg
42522,https://wow.zamimg.com/uploads/screenshots/small/209888.jpg
45788,https://wow.zamimg.com/uploads/screenshots/small/402201.jpg
47605,https://wow.zamimg.com/uploads/screenshots/small/953656.jpg
52995,https://wow.zamimg.com/uploads/screenshots/small/1136091.jpg
46914,https://wow.zamimg.com/uploads/screenshots/small/201443.jpg
41270,https://wow.zamimg.com/uploads/screenshots/small/231339.jpg
42044,https://wow.zamimg.com/uploads/screenshots/small/288946.jpg
50086,https://wow.zamimg.com/uploads/screenshots/small/216308.jpg
47797,https://wow.zamimg.com/uploads/screenshots/small/206172.jpg
48394,https://wow.zamimg.com/uploads/screenshots/small/206702.jpg
39394,https://wow.zamimg.com/uploads/screenshots/small/198196.jpg
58208,https://wow.zamimg.com/uploads/screenshots/small/1141838.jpg
48415,https://wow.zamimg.com/uploads/screenshots/small/432622.jpg
55488,https://wow.zamimg.com/uploads/screenshots/small/484008.jpg
46861,https://wow.zamimg.com/uploads/screenshots/small/202030.jpg
44767,https://wow.zamimg.com/uploads/screenshots/small/1135652.jpg
47010,https://wow.zamimg.com/uploads/screenshots/small/224416.jpg
57910,https://wow.zamimg.com/uploads/screenshots/small/534135.jpg
46655,https://wow.zamimg.com/uploads/screenshots/small/191033.jpg
39867,https://wow.zamimg.com/uploads/screenshots/small/245905.jpg
53349,https://wow.zamimg.com/uploads/screenshots/small/260254.jpg
57802,https://wow.zamimg.com/uploads/screenshots/small/1139885.jpg
41030,https://wow.zamimg.com/uploads/screenshots/small/176515.jpg
56781,https://wow.zamimg.com/uploads/screenshots/small/283228.jpg
56173,https://wow.zamimg.com/uploads/screenshots/small/431712.jpg
52409,https://wow.zamimg.com/uploads/screenshots/small/244823.jpg
46753,https://wow.zamimg.com/uploads/screenshots/small/185085.jpg
52530,https://wow.zamimg.com/uploads/screenshots/small/252641.jpg
52558,https://wow.zamimg.com/uploads/screenshots/small/229537.jpg
50056,https://wow.zamimg.com/uploads/screenshots/small/289278.jpg
53494,https://wow.zamimg.com/uploads/screenshots/small/236221.jpg
50057,https://wow.zamimg.com/uploads/screenshots/small/218670.jpg
55265,https://wow.zamimg.com/uploads/screenshots/small/264346.jpg
46259,https://wow.zamimg.com/uploads/screenshots/small/1035361.jpg
43878,https://wow.zamimg.com/uploads/screenshots/small/184022.jpg
46768,https://wow.zamimg.com/uploads/screenshots/small/1141048.jpg
45872,https://wow.zamimg.com/uploads/screenshots/small/185089.jpg
47226,https://wow.zamimg.com/uploads/screenshots/small/1143670.jpg
46953,https://wow.zamimg.com/uploads/screenshots/small/195036.jpg
43735,https://wow.zamimg.com/uploads/screenshots/small/239837.jpg
43875,https://wow.zamimg.com/uploads/screenshots/small/257730.jpg
44011,https://wow.zamimg.com/uploads/screenshots/small/1143591.jpg
40229,https://wow.zamimg.com/uploads/screenshots/small/1142661.jpg
45871,https://wow.zamimg.com/uploads/screenshots/small/185088.jpg
42465,https://wow.zamimg.com/uploads/screenshots/small/231044.jpg
39705,https://wow.zamimg.com/uploads/screenshots/small/216346.jpg
48768,https://wow.zamimg.com/uploads/screenshots/small/269862.jpg
44945,https://wow.zamimg.com/uploads/screenshots/small/200187.jpg
47728,https://wow.zamimg.com/uploads/screenshots/small/201260.jpg
43686,https://wow.zamimg.com/uploads/screenshots/small/229837.jpg
49956,https://wow.zamimg.com/uploads/screenshots/small/199314.jpg
39844,https://wow.zamimg.com/uploads/screenshots/small/265511.jpg
40792,https://wow.zamimg.com/uploads/screenshots/small/1142657.jpg
40998,https://wow.zamimg.com/uploads/screenshots/small/230482.jpg
45755,https://wow.zamimg.com/uploads/screenshots/small/205389.jpg
50250,https://wow.zamimg.com/uploads/screenshots/small/188387.jpg
45870,https://wow.zamimg.com/uploads/screenshots/small/185086.jpg
46329,https://wow.zamimg.com/uploads/screenshots/small/1143860.jpg
52107,https://wow.zamimg.com/uploads/screenshots/small/761201.jpg
44819,https://wow.zamimg.com/uploads/screenshots/small/199725.jpg
40709,https://wow.zamimg.com/uploads/screenshots/small/205558.jpg
52165,https://wow.zamimg.com/uploads/screenshots/small/912426.jpg
46997,https://wow.zamimg.com/uploads/screenshots/small/195038.jpg
43687,https://wow.zamimg.com/uploads/screenshots/small/229838.jpg
41501,https://wow.zamimg.com/uploads/screenshots/small/1142952.jpg
43688,https://wow.zamimg.com/uploads/screenshots/small/229839.jpg
52649,https://wow.zamimg.com/uploads/screenshots/small/236539.jpg
49266,https://wow.zamimg.com/uploads/screenshots/small/851336.jpg
54254,https://wow.zamimg.com/uploads/screenshots/small/235677.jpg
44967,https://wow.zamimg.com/uploads/screenshots/small/1143111.jpg
40793,https://wow.zamimg.com/uploads/screenshots/small/175736.jpg
46327,https://wow.zamimg.com/uploads/screenshots/small/1143867.jpg
40841,https://wow.zamimg.com/uploads/screenshots/small/203741.jpg
38254,https://wow.zamimg.com/uploads/screenshots/small/188606.jpg
44025,https://wow.zamimg.com/uploads/screenshots/small/280972.jpg
47151,https://wow.zamimg.com/uploads/screenshots/small/432585.jpg
33041,https://wow.zamimg.com/uploads/screenshots/small/1145400.jpg
47969,https://wow.zamimg.com/uploads/screenshots/small/273847.jpg
48952,https://wow.zamimg.com/uploads/screenshots/small/1094728.jpg
45477,https://wow.zamimg.com/uploads/screenshots/small/214002.jpg
53890,https://wow.zamimg.com/uploads/screenshots/small/494255.jpg
46911,https://wow.zamimg.com/uploads/screenshots/small/764205.jpg
40066,https://wow.zamimg.com/uploads/screenshots/small/203773.jpg
45260,https://wow.zamimg.com/uploads/screenshots/small/857333.jpg
46328,https://wow.zamimg.com/uploads/screenshots/small/200826.jpg
48960,https://wow.zamimg.com/uploads/screenshots/small/778428.jpg
50059,https://wow.zamimg.com/uploads/screenshots/small/208006.jpg
52593,https://wow.zamimg.com/modelviewer/live/webthumbs/npc/91/38747.webp
41762,https://wow.zamimg.com/uploads/screenshots/small/1181159.jpg
40177,https://wow.zamimg.com/uploads/screenshots/small/213045.jpg
50245,https://wow.zamimg.com/uploads/screenshots/small/245366.jpg
50089,https://wow.zamimg.com/uploads/screenshots/small/218653.jpg
44600,https://wow.zamimg.com/uploads/screenshots/small/204844.jpg
50063,https://wow.zamimg.com/uploads/screenshots/small/224201.jpg
53115,https://wow.zamimg.com/uploads/screenshots/small/283699.jpg
42188,https://wow.zamimg.com/uploads/screenshots/small/203669.jpg
39022,https://wow.zamimg.com/uploads/screenshots/small/909287.jpg
45125,https://wow.zamimg.com/uploads/screenshots/small/830343.jpg
42466,https://wow.zamimg.com/uploads/screenshots/small/202303.jpg
39365,https://wow.zamimg.com/uploads/screenshots/small/242290.jpg
40987,https://wow.zamimg.com/uploads/screenshots/small/1142161.jpg
47593,https://wow.zamimg.com/uploads/screenshots/small/199719.jpg
43805,https://wow.zamimg.com/uploads/screenshots/small/283617.jpg
42469,https://wow.zamimg.com/uploads/screenshots/small/273454.jpg
36528,https://wow.zamimg.com/uploads/screenshots/small/177364.jpg
40166,https://wow.zamimg.com/uploads/screenshots/small/261704.jpg
42475,https://wow.zamimg.com/uploads/screenshots/small/1143169.jpg
42467,https://wow.zamimg.com/uploads/screenshots/small/198772.jpg
46572,https://wow.zamimg.com/uploads/screenshots/small/627944.jpg
46602,https://wow.zamimg.com/uploads/screenshots/small/448719.jpg
50324,https://wow.zamimg.com/uploads/screenshots/small/290191.jpg
44395,https://wow.zamimg.com/uploads/screenshots/small/444569.jpg
52571,https://wow.zamimg.com/uploads/screenshots/small/849994.jpg
52036,https://wow.zamimg.com/uploads/screenshots/small/429372.jpg
49386,https://wow.zamimg.com/uploads/screenshots/small/709545.jpg
54442,https://wow.zamimg.com/uploads/screenshots/small/249343.jpg
54650,https://wow.zamimg.com/uploads/screenshots/small/1058296.jpg
53691,https://wow.zamimg.com/uploads/screenshots/small/235230.jpg
49387,https://wow.zamimg.com/uploads/screenshots/small/460112.jpg
47253,https://wow.zamimg.com/uploads/screenshots/small/856862.jpg
45408,https://wow.zamimg.com/uploads/screenshots/small/208585.jpg
42129,https://wow.zamimg.com/uploads/screenshots/small/1181163.jpg
43324,https://wow.zamimg.com/uploads/screenshots/small/213253.jpg
44246,https://wow.zamimg.com/uploads/screenshots/small/447486.jpg
58154,https://wow.zamimg.com/uploads/screenshots/small/449148.jpg
44238,https://wow.zamimg.com/uploads/screenshots/small/445712.jpg
50314,https://wow.zamimg.com/uploads/screenshots/small/535403.jpg
52148,https://wow.zamimg.com/uploads/screenshots/small/1135306.jpg
48617,https://wow.zamimg.com/uploads/screenshots/small/197120.jpg
44245,https://wow.zamimg.com/uploads/screenshots/small/445193.jpg
44919,https://wow.zamimg.com/uploads/screenshots/small/429351.jpg
48510,https://wow.zamimg.com/uploads/screenshots/small/871223.jpg
46555,https://wow.zamimg.com/uploads/screenshots/small/429363.jpg
55382,https://wow.zamimg.com/uploads/screenshots/small/627618.jpg
52030,https://wow.zamimg.com/uploads/screenshots/small/446278.jpg
43693,https://wow.zamimg.com/uploads/screenshots/small/444791.jpg
54473,https://wow.zamimg.com/uploads/screenshots/small/359102.jpg
55285,https://wow.zamimg.com/uploads/screenshots/small/271383.jpg
49748,https://wow.zamimg.com/uploads/screenshots/small/445846.jpg
58155,https://wow.zamimg.com/uploads/screenshots/small/429364.jpg
42928,https://wow.zamimg.com/uploads/screenshots/small/451310.jpg
49541,https://wow.zamimg.com/uploads/screenshots/small/1138410.jpg
46556,https://wow.zamimg.com/uploads/screenshots/small/429362.jpg
44835,https://wow.zamimg.com/uploads/screenshots/small/1143056.jpg
36915,https://wow.zamimg.com/uploads/screenshots/small/204046.jpg
49406,https://wow.zamimg.com/uploads/screenshots/small/468023.jpg
50484,https://wow.zamimg.com/uploads/screenshots/small/485488.jpg
53881,https://wow.zamimg.com/uploads/screenshots/small/233586.jpg
40319,https://wow.zamimg.com/uploads/screenshots/small/214629.jpg
50488,https://wow.zamimg.com/uploads/screenshots/small/429353.jpg
49877,https://wow.zamimg.com/uploads/screenshots/small/444541.jpg
43694,https://wow.zamimg.com/uploads/screenshots/small/447232.jpg
41618,https://wow.zamimg.com/uploads/screenshots/small/367336.jpg
44365,https://wow.zamimg.com/uploads/screenshots/small/603330.jpg
46235,https://wow.zamimg.com/uploads/screenshots/small/215365.jpg
45617,https://wow.zamimg.com/modelviewer/live/webthumbs/npc/53/28213.webp
44563,https://wow.zamimg.com/uploads/screenshots/small/586928.jpg
50052,https://wow.zamimg.com/uploads/screenshots/small/1142244.jpg
50305,https://wow.zamimg.com/uploads/screenshots/small/1082049.jpg
49701,https://wow.zamimg.com/uploads/screenshots/small/1010601.jpg
43769,https://wow.zamimg.com/uploads/screenshots/small/444010.jpg
55689,https://wow.zamimg.com/uploads/screenshots/small/259477.jpg
52151,https://wow.zamimg.com/uploads/screenshots/small/217407.jpg
50304,https://wow.zamimg.com/uploads/screenshots/small/1149834.jpg
46022,https://wow.zamimg.com/uploads/screenshots/small/339455.jpg
50307,https://wow.zamimg.com/uploads/screenshots/small/418295.jpg
50143,https://wow.zamimg.com/uploads/screenshots/small/1057273.jpg
54334,https://wow.zamimg.com/uploads/screenshots/small/448976.jpg
49750,https://wow.zamimg.com/uploads/screenshots/small/627937.jpg
36375,https://wow.zamimg.com/uploads/screenshots/small/215097.jpg
52809,https://wow.zamimg.com/uploads/screenshots/small/914477.jpg
51512,https://wow.zamimg.com/uploads/screenshots/small/278358.jpg
50483,https://wow.zamimg.com/uploads/screenshots/small/427083.jpg
36648,https://wow.zamimg.com/uploads/screenshots/small/706977.jpg
50477,https://wow.zamimg.com/uploads/screenshots/small/429352.jpg
53214,https://wow.zamimg.com/uploads/screenshots/small/935259.jpg
45167,https://wow.zamimg.com/uploads/screenshots/small/457035.jpg
36196,https://wow.zamimg.com/uploads/screenshots/small/196835.jpg
44749,https://wow.zamimg.com/uploads/screenshots/small/448427.jpg
52059,https://wow.zamimg.com/uploads/screenshots/small/456496.jpg
47764,https://wow.zamimg.com/uploads/screenshots/small/605522.jpg
50309,https://wow.zamimg.com/uploads/screenshots/small/451195.jpg
52358,https://wow.zamimg.com/uploads/screenshots/small/444746.jpg
48531,https://wow.zamimg.com/uploads/screenshots/small/498458.jpg
45988,https://wow.zamimg.com/uploads/screenshots/small/204813.jpg
50306,https://wow.zamimg.com/uploads/screenshots/small/982459.jpg
47328,https://wow.zamimg.com/uploads/screenshots/small/498455.jpg
38237,https://wow.zamimg.com/uploads/screenshots/small/664422.jpg
47571,https://wow.zamimg.com/uploads/screenshots/small/1009520.jpg
40586,https://wow.zamimg.com/uploads/screenshots/small/175673.jpg
46964,https://wow.zamimg.com/uploads/screenshots/small/201365.jpg
46233,https://wow.zamimg.com/uploads/screenshots/small/202833.jpg
54649,https://wow.zamimg.com/uploads/screenshots/small/1058315.jpg
49703,https://wow.zamimg.com/uploads/screenshots/small/723013.jpg
46675,https://wow.zamimg.com/uploads/screenshots/small/584770.jpg
51496,https://wow.zamimg.com/uploads/screenshots/small/627693.jpg
45417,https://wow.zamimg.com/uploads/screenshots/small/932247.jpg
56427,https://wow.zamimg.com/uploads/screenshots/small/279953.jpg
53882,https://wow.zamimg.com/uploads/screenshots/small/233581.jpg
47311,https://wow.zamimg.com/uploads/screenshots/small/891976.jpg
43768,https://wow.zamimg.com/uploads/screenshots/small/429736.jpg
39679,https://wow.zamimg.com/uploads/screenshots/small/186082.jpg
54938,https://wow.zamimg.com/uploads/screenshots/small/429107.jpg
50482,https://wow.zamimg.com/uploads/screenshots/small/584769.jpg
46718,https://wow.zamimg.com/uploads/screenshots/small/887960.jpg
46741,https://wow.zamimg.com/uploads/screenshots/small/1010612.jpg
44582,https://wow.zamimg.com/uploads/screenshots/small/1009560.jpg
35222,https://wow.zamimg.com/uploads/screenshots/small/693424.jpg
39949,https://wow.zamimg.com/uploads/screenshots/small/910260.jpg
43418,https://wow.zamimg.com/uploads/screenshots/small/1113803.jpg
51495,https://wow.zamimg.com/uploads/screenshots/small/450741.jpg
56796,https://wow.zamimg.com/uploads/screenshots/small/538086.jpg
46241,https://wow.zamimg.com/uploads/screenshots/small/215366.jpg
47739,https://wow.zamimg.com/uploads/screenshots/small/189447.jpg
47171,https://wow.zamimg.com/uploads/screenshots/small/198081.jpg
36060,https://wow.zamimg.com/uploads/screenshots/small/503035.jpg
50308,https://wow.zamimg.com/uploads/screenshots/small/451196.jpg
52830,https://wow.zamimg.com/uploads/screenshots/small/1007916.jpg
55072,https://wow.zamimg.com/uploads/screenshots/small/468121.jpg
56041,https://wow.zamimg.com/uploads/screenshots/small/431343.jpg
45244,https://wow.zamimg.com/uploads/screenshots/small/605519.jpg
49856,https://wow.zamimg.com/uploads/screenshots/small/935077.jpg
54401,https://wow.zamimg.com/uploads/screenshots/small/558968.jpg
54853,https://wow.zamimg.com/uploads/screenshots/small/632592.jpg
52053,https://wow.zamimg.com/uploads/screenshots/small/950107.jpg
42028,https://wow.zamimg.com/uploads/screenshots/small/194983.jpg
47742,https://wow.zamimg.com/uploads/screenshots/small/205660.jpg
50323,https://wow.zamimg.com/uploads/screenshots/small/214108.jpg
49116,https://wow.zamimg.com/uploads/screenshots/small/427334.jpg
39881,https://wow.zamimg.com/uploads/screenshots/small/1142312.jpg
54232,https://wow.zamimg.com/uploads/screenshots/small/438436.jpg
49635,https://wow.zamimg.com/uploads/screenshots/small/438430.jpg
46963,https://wow.zamimg.com/uploads/screenshots/small/300850.jpg
47442,https://wow.zamimg.com/uploads/screenshots/small/191026.jpg
53641,https://wow.zamimg.com/uploads/screenshots/small/453124.jpg
39858,https://wow.zamimg.com/uploads/screenshots/small/535328.jpg
50669,https://wow.zamimg.com/uploads/screenshots/small/429179.jpg
50480,https://wow.zamimg.com/uploads/screenshots/small/445848.jpg
44918,https://wow.zamimg.com/uploads/screenshots/small/429354.jpg
42131,https://wow.zamimg.com/uploads/screenshots/small/451316.jpg
40918,https://wow.zamimg.com/uploads/screenshots/small/196985.jpg
52945,https://wow.zamimg.com/uploads/screenshots/small/229766.jpg
41135,https://wow.zamimg.com/uploads/screenshots/small/194334.jpg
48875,https://wow.zamimg.com/uploads/screenshots/small/838713.jpg
45668,https://wow.zamimg.com/uploads/screenshots/small/1143800.jpg
45558,https://wow.zamimg.com/uploads/screenshots/small/1018598.jpg
47309,https://wow.zamimg.com/uploads/screenshots/small/191112.jpg
45789,https://wow.zamimg.com/uploads/screenshots/small/871265.jpg
38999,https://wow.zamimg.com/uploads/screenshots/small/934052.jpg
45226,https://wow.zamimg.com/uploads/screenshots/small/296604.jpg
51596,https://wow.zamimg.com/uploads/screenshots/small/451318.jpg
52155,https://wow.zamimg.com/uploads/screenshots/small/217393.jpg
39732,https://wow.zamimg.com/uploads/screenshots/small/500439.jpg
42041,https://wow.zamimg.com/uploads/screenshots/small/1141411.jpg
38018,https://wow.zamimg.com/uploads/screenshots/small/428167.jpg
57262,https://wow.zamimg.com/uploads/screenshots/small/499282.jpg
42288,https://wow.zamimg.com/uploads/screenshots/small/848827.jpg
49737,https://wow.zamimg.com/uploads/screenshots/small/605507.jpg
40209,https://wow.zamimg.com/modelviewer/wrath/webthumbs/npc/150/29078.webp
36034,https://wow.zamimg.com/uploads/screenshots/small/503028.jpg
50248,https://wow.zamimg.com/uploads/screenshots/small/198576.jpg
52029,https://wow.zamimg.com/uploads/screenshots/small/445022.jpg
52268,https://wow.zamimg.com/uploads/screenshots/small/546346.jpg
47162,https://wow.zamimg.com/uploads/screenshots/small/189373.jpg
47296,https://wow.zamimg.com/uploads/screenshots/small/189393.jpg
38998,https://wow.zamimg.com/uploads/screenshots/small/909323.jpg
39605,https://wow.zamimg.com/uploads/screenshots/small/359049.jpg
42317,https://wow.zamimg.com/uploads/screenshots/small/448438.jpg
48629,https://wow.zamimg.com/uploads/screenshots/small/205884.jpg
52822,https://wow.zamimg.com/uploads/screenshots/small/429602.jpg
46742,https://wow.zamimg.com/uploads/screenshots/small/605518.jpg
52642,https://wow.zamimg.com/uploads/screenshots/small/870513.jpg
37165,https://wow.zamimg.com/uploads/screenshots/small/911447.jpg
55684,https://wow.zamimg.com/uploads/screenshots/small/446066.jpg
57983,https://wow.zamimg.com/uploads/screenshots/small/431340.jpg
39884,https://wow.zamimg.com/uploads/screenshots/small/556604.jpg
43503,https://wow.zamimg.com/uploads/screenshots/small/202356.jpg
51504,https://wow.zamimg.com/uploads/screenshots/small/452789.jpg
46377,https://wow.zamimg.com/uploads/screenshots/small/199630.jpg
46811,https://wow.zamimg.com/uploads/screenshots/small/842235.jpg
33777,https://wow.zamimg.com/uploads/screenshots/small/194716.jpg
51503,https://wow.zamimg.com/uploads/screenshots/small/432516.jpg
49687,https://wow.zamimg.com/uploads/screenshots/small/185862.jpg
39896,https://wow.zamimg.com/uploads/screenshots/small/911644.jpg
45730,https://wow.zamimg.com/uploads/screenshots/small/1141662.jpg
48948,https://wow.zamimg.com/uploads/screenshots/small/194722.jpg
44916,https://wow.zamimg.com/uploads/screenshots/small/913718.jpg
34618,https://wow.zamimg.com/uploads/screenshots/small/194356.jpg
52135,https://wow.zamimg.com/uploads/screenshots/small/308665.jpg
46343,https://wow.zamimg.com/uploads/screenshots/small/1143835.jpg
48428,https://wow.zamimg.com/uploads/screenshots/small/205865.jpg
41006,https://wow.zamimg.com/uploads/screenshots/small/746756.jpg
34674,https://wow.zamimg.com/uploads/screenshots/small/912434.jpg
40139,https://wow.zamimg.com/uploads/screenshots/small/280475.jpg
36112,https://wow.zamimg.com/uploads/screenshots/small/584295.jpg
49045,https://wow.zamimg.com/uploads/screenshots/small/298916.jpg
42333,https://wow.zamimg.com/uploads/screenshots/small/444170.jpg
41248,https://wow.zamimg.com/uploads/screenshots/small/1142158.jpg
46512,https://wow.zamimg.com/uploads/screenshots/small/627943.jpg
50524,https://wow.zamimg.com/uploads/screenshots/small/449157.jpg
43845,https://wow.zamimg.com/uploads/screenshots/small/1144100.jpg
58152,https://wow.zamimg.com/uploads/screenshots/small/264700.jpg
56335,https://wow.zamimg.com/uploads/screenshots/small/468122.jpg
52562,https://wow.zamimg.com/uploads/screenshots/small/1103021.jpg
41381,https://wow.zamimg.com/uploads/screenshots/small/1142917.jpg
40289,https://wow.zamimg.com/uploads/screenshots/small/212384.jpg
39731,https://wow.zamimg.com/uploads/screenshots/small/197031.jpg
46962,https://wow.zamimg.com/uploads/screenshots/small/300973.jpg
39378,https://wow.zamimg.com/uploads/screenshots/small/1091277.jpg
53619,https://wow.zamimg.com/uploads/screenshots/small/1136064.jpg
38240,https://wow.zamimg.com/uploads/screenshots/small/198936.jpg
52440,https://wow.zamimg.com/uploads/screenshots/small/950091.jpg
52392,https://wow.zamimg.com/uploads/screenshots/small/750347.jpg
45540,https://wow.zamimg.com/uploads/screenshots/small/871255.jpg
49358,https://wow.zamimg.com/uploads/screenshots/small/1143723.jpg
52669,https://wow.zamimg.com/uploads/screenshots/small/1036079.jpg
39380,https://wow.zamimg.com/uploads/screenshots/small/483482.jpg
54968,https://wow.zamimg.com/uploads/screenshots/small/419691.jpg
40959,https://wow.zamimg.com/uploads/screenshots/small/191867.jpg
42672,https://wow.zamimg.com/uploads/screenshots/small/214496.jpg
40572,https://wow.zamimg.com/uploads/screenshots/small/930914.jpg
49124,https://wow.zamimg.com/uploads/screenshots/small/206056.jpg
42575,https://wow.zamimg.com/uploads/screenshots/small/557038.jpg
40726,https://wow.zamimg.com/uploads/screenshots/small/556851.jpg
50157,https://wow.zamimg.com/uploads/screenshots/small/546350.jpg
54431,https://wow.zamimg.com/uploads/screenshots/small/1163864.jpg
54123,https://wow.zamimg.com/uploads/screenshots/small/597188.jpg
44868,https://wow.zamimg.com/uploads/screenshots/small/879287.jpg
47675,https://wow.zamimg.com/uploads/screenshots/small/912732.jpg
40832,https://wow.zamimg.com/uploads/screenshots/small/611004.jpg
40727,https://wow.zamimg.com/uploads/screenshots/small/900480.jpg
45771,https://wow.zamimg.com/uploads/screenshots/small/1138987.jpg
44286,https://wow.zamimg.com/uploads/screenshots/small/192298.jpg
52364,https://wow.zamimg.com/uploads/screenshots/small/219821.jpg
44225,https://wow.zamimg.com/uploads/screenshots/small/1141388.jpg
50134,https://wow.zamimg.com/uploads/screenshots/small/723006.jpg
39665,https://wow.zamimg.com/uploads/screenshots/small/186088.jpg
42489,https://wow.zamimg.com/uploads/screenshots/small/493703.jpg
40578,https://wow.zamimg.com/uploads/screenshots/small/535388.jpg
48312,https://wow.zamimg.com/uploads/screenshots/small/202353.jpg
45811,https://wow.zamimg.com/uploads/screenshots/small/430999.jpg
43391,https://wow.zamimg.com/uploads/screenshots/small/261594.jpg
40167,https://wow.zamimg.com/uploads/screenshots/small/261705.jpg
46409,https://wow.zamimg.com/uploads/screenshots/small/954207.jpg
40216,https://wow.zamimg.com/uploads/screenshots/small/340945.jpg
56925,https://wow.zamimg.com/uploads/screenshots/small/427195.jpg
41017,https://wow.zamimg.com/uploads/screenshots/small/1142176.jpg
33048,https://wow.zamimg.com/uploads/screenshots/small/545714.jpg
44445,https://wow.zamimg.com/uploads/screenshots/small/1037125.jpg
49913,https://wow.zamimg.com/uploads/screenshots/small/215549.jpg
47297,https://wow.zamimg.com/uploads/screenshots/small/189390.jpg
43065,https://wow.zamimg.com/uploads/screenshots/small/200010.jpg
47006,https://wow.zamimg.com/uploads/screenshots/small/300852.jpg
54443,https://wow.zamimg.com/uploads/screenshots/small/449024.jpg
52838,https://wow.zamimg.com/uploads/screenshots/small/1143936.jpg
36288,https://wow.zamimg.com/uploads/screenshots/small/755741.jpg
40814,https://wow.zamimg.com/uploads/screenshots/small/1143001.jpg
49204,https://wow.zamimg.com/uploads/screenshots/small/1143518.jpg
52654,https://wow.zamimg.com/uploads/screenshots/small/444513.jpg
42231,https://wow.zamimg.com/uploads/screenshots/small/1138319.jpg
43849,https://wow.zamimg.com/uploads/screenshots/small/487320.jpg
46357,https://wow.zamimg.com/uploads/screenshots/small/627952.jpg
55729,https://wow.zamimg.com/uploads/screenshots/small/260396.jpg
52915,https://wow.zamimg.com/uploads/screenshots/small/228244.jpg
46135,https://wow.zamimg.com/uploads/screenshots/small/1143245.jpg
44237,https://wow.zamimg.com/uploads/screenshots/small/447485.jpg
44325,https://wow.zamimg.com/uploads/screenshots/small/495377.jpg
55870,https://wow.zamimg.com/uploads/screenshots/small/432777.jpg
50053,https://wow.zamimg.com/uploads/screenshots/small/195049.jpg
44759,https://wow.zamimg.com/uploads/screenshots/small/681707.jpg
52651,https://wow.zamimg.com/uploads/screenshots/small/1018351.jpg
52399,https://wow.zamimg.com/uploads/screenshots/small/916866.jpg
41183,https://wow.zamimg.com/uploads/screenshots/small/175935.jpg
50039,https://wow.zamimg.com/uploads/screenshots/small/755433.jpg
45707,https://wow.zamimg.com/uploads/screenshots/small/201758.jpg
44202,https://wow.zamimg.com/uploads/screenshots/small/231531.jpg
57800,https://wow.zamimg.com/uploads/screenshots/small/449022.jpg
46293,https://wow.zamimg.com/uploads/screenshots/small/463192.jpg
40919,https://wow.zamimg.com/uploads/screenshots/small/197942.jpg
47626,https://wow.zamimg.com/uploads/screenshots/small/189436.jpg
51071,https://wow.zamimg.com/uploads/screenshots/small/226126.jpg
46664,https://wow.zamimg.com/uploads/screenshots/small/542031.jpg
50048,https://wow.zamimg.com/uploads/screenshots/small/1143125.jpg
48067,https://wow.zamimg.com/uploads/screenshots/small/194684.jpg
45151,https://wow.zamimg.com/uploads/screenshots/small/607453.jpg
44785,https://wow.zamimg.com/uploads/screenshots/small/432903.jpg
35257,https://wow.zamimg.com/uploads/screenshots/small/874702.jpg
41991,https://wow.zamimg.com/uploads/screenshots/small/911735.jpg
45330,https://wow.zamimg.com/uploads/screenshots/small/1115454.jpg
34402,https://wow.zamimg.com/uploads/screenshots/small/469791.jpg
45312,https://wow.zamimg.com/uploads/screenshots/small/893246.jpg
38329,https://wow.zamimg.com/uploads/screenshots/small/198949.jpg
40639,https://wow.zamimg.com/uploads/screenshots/small/204284.jpg
45315,https://wow.zamimg.com/uploads/screenshots/small/189059.jpg
45174,https://wow.zamimg.com/uploads/screenshots/small/285786.jpg
40834,https://wow.zamimg.com/uploads/screenshots/small/535308.jpg
35369,https://wow.zamimg.com/uploads/screenshots/small/557238.jpg
52278,https://wow.zamimg.com/uploads/screenshots/small/546316.jpg
36410,https://wow.zamimg.com/uploads/screenshots/small/1146485.jpg
42359,https://wow.zamimg.com/uploads/screenshots/small/179742.jpg
52031,https://wow.zamimg.com/uploads/screenshots/small/980774.jpg
47161,https://wow.zamimg.com/uploads/screenshots/small/432575.jpg
54544,https://wow.zamimg.com/uploads/screenshots/small/286561.jpg
45948,https://wow.zamimg.com/uploads/screenshots/small/194024.jpg
47570,https://wow.zamimg.com/uploads/screenshots/small/454182.jpg
54485,https://wow.zamimg.com/uploads/screenshots/small/431329.jpg
43184,https://wow.zamimg.com/uploads/screenshots/small/1140423.jpg
34206,https://wow.zamimg.com/uploads/screenshots/small/912513.jpg
54402,https://wow.zamimg.com/uploads/screenshots/small/558974.jpg
45369,https://wow.zamimg.com/uploads/screenshots/small/431252.jpg
44556,https://wow.zamimg.com/uploads/screenshots/small/586927.jpg
42396,https://wow.zamimg.com/uploads/screenshots/small/594945.jpg
51988,https://wow.zamimg.com/uploads/screenshots/small/436450.jpg
50160,https://wow.zamimg.com/uploads/screenshots/small/188304.jpg
49884,https://wow.zamimg.com/uploads/screenshots/small/189520.jpg
38300,https://wow.zamimg.com/uploads/screenshots/small/183900.jpg
43228,https://wow.zamimg.com/uploads/screenshots/small/1143075.jpg
45205,https://wow.zamimg.com/uploads/screenshots/small/205374.jpg
48051,https://wow.zamimg.com/uploads/screenshots/small/206591.jpg
40825,https://wow.zamimg.com/uploads/screenshots/small/175674.jpg
44866,https://wow.zamimg.com/uploads/screenshots/small/879285.jpg
50140,https://wow.zamimg.com/uploads/screenshots/small/459289.jpg
44750,https://wow.zamimg.com/uploads/screenshots/small/828266.jpg
55305,https://wow.zamimg.com/uploads/screenshots/small/425577.jpg
41621,https://wow.zamimg.com/uploads/screenshots/small/622752.jpg
48522,https://wow.zamimg.com/uploads/screenshots/small/189429.jpg
38238,https://wow.zamimg.com/uploads/screenshots/small/664426.jpg
42731,https://wow.zamimg.com/uploads/screenshots/small/202144.jpg
41600,https://wow.zamimg.com/uploads/screenshots/small/199822.jpg
37171,https://wow.zamimg.com/uploads/screenshots/small/283238.jpg
44561,https://wow.zamimg.com/uploads/screenshots/small/463240.jpg
40027,https://wow.zamimg.com/uploads/screenshots/small/913819.jpg
53187,https://wow.zamimg.com/uploads/screenshots/small/239098.jpg
43372,https://wow.zamimg.com/uploads/screenshots/small/266816.jpg
46376,https://wow.zamimg.com/uploads/screenshots/small/199626.jpg
52586,https://wow.zamimg.com/uploads/screenshots/small/451007.jpg
38488,https://wow.zamimg.com/uploads/screenshots/small/249467.jpg
38535,https://wow.zamimg.com/uploads/screenshots/small/198448.jpg
42656,https://wow.zamimg.com/uploads/screenshots/small/280349.jpg
44087,https://wow.zamimg.com/uploads/screenshots/small/191550.jpg
37761,https://wow.zamimg.com/uploads/screenshots/small/584109.jpg
32990,https://wow.zamimg.com/uploads/screenshots/small/1145392.jpg
40809,https://wow.zamimg.com/uploads/screenshots/small/189730.jpg
40958,https://wow.zamimg.com/uploads/screenshots/small/1146663.jpg
45549,https://wow.zamimg.com/uploads/screenshots/small/871249.jpg
46254,https://wow.zamimg.com/uploads/screenshots/small/1093472.jpg
45006,https://wow.zamimg.com/uploads/screenshots/small/845234.jpg
53233,https://wow.zamimg.com/uploads/screenshots/small/238020.jpg
47733,https://wow.zamimg.com/uploads/screenshots/small/259165.jpg
43932,https://wow.zamimg.com/uploads/screenshots/small/408376.jpg
46591,https://wow.zamimg.com/uploads/screenshots/small/1143662.jpg
37706,https://wow.zamimg.com/uploads/screenshots/small/1146078.jpg
48314,https://wow.zamimg.com/uploads/screenshots/small/470136.jpg
38239,https://wow.zamimg.com/uploads/screenshots/small/664425.jpg
49704,https://wow.zamimg.com/uploads/screenshots/small/722994.jpg
33456,https://wow.zamimg.com/uploads/screenshots/small/585556.jpg
43964,https://wow.zamimg.com/uploads/screenshots/small/340954.jpg
42914,https://wow.zamimg.com/uploads/screenshots/small/1143179.jpg
38120,https://wow.zamimg.com/uploads/screenshots/small/201748.jpg
54648,https://wow.zamimg.com/uploads/screenshots/small/266415.jpg
46245,https://wow.zamimg.com/uploads/screenshots/small/192648.jpg
39155,https://wow.zamimg.com/uploads/screenshots/small/890598.jpg
52405,https://wow.zamimg.com/uploads/screenshots/small/217412.jpg
47688,https://wow.zamimg.com/uploads/screenshots/small/448161.jpg
49444,https://wow.zamimg.com/uploads/screenshots/small/196397.jpg
42536,https://wow.zamimg.com/uploads/screenshots/small/1141530.jpg
52640,https://wow.zamimg.com/uploads/screenshots/small/229169.jpg
48366,https://wow.zamimg.com/uploads/screenshots/small/842336.jpg
48764,https://wow.zamimg.com/uploads/screenshots/small/776120.jpg
42160,https://wow.zamimg.com/uploads/screenshots/small/856484.jpg
52767,https://wow.zamimg.com/uploads/screenshots/small/1120451.jpg
40941,https://wow.zamimg.com/uploads/screenshots/small/675337.jpg
38306,https://wow.zamimg.com/uploads/screenshots/small/856397.jpg
43612,https://wow.zamimg.com/uploads/screenshots/small/443243.jpg
43795,https://wow.zamimg.com/uploads/screenshots/small/432537.jpg
43605,https://wow.zamimg.com/uploads/screenshots/small/201193.jpg
38714,https://wow.zamimg.com/uploads/screenshots/small/874917.jpg
45443,https://wow.zamimg.com/uploads/screenshots/small/201678.jpg
47681,https://wow.zamimg.com/uploads/screenshots/small/370284.jpg
33760,https://wow.zamimg.com/uploads/screenshots/small/912486.jpg
39097,https://wow.zamimg.com/uploads/screenshots/small/427989.jpg
47266,https://wow.zamimg.com/uploads/screenshots/small/1030677.jpg
42498,https://wow.zamimg.com/uploads/screenshots/small/484788.jpg
35867,https://wow.zamimg.com/uploads/screenshots/small/243565.jpg
47269,https://wow.zamimg.com/uploads/screenshots/small/185190.jpg
44236,https://wow.zamimg.com/uploads/screenshots/small/447966.jpg
51997,https://wow.zamimg.com/uploads/screenshots/small/776056.jpg
51348,https://wow.zamimg.com/uploads/screenshots/small/206450.jpg
45165,https://wow.zamimg.com/uploads/screenshots/small/605829.jpg
54472,https://wow.zamimg.com/uploads/screenshots/small/605500.jpg
54117,https://wow.zamimg.com/uploads/screenshots/small/231507.jpg
38966,https://wow.zamimg.com/uploads/screenshots/small/358843.jpg
48060,https://wow.zamimg.com/uploads/screenshots/small/195717.jpg
44833,https://wow.zamimg.com/uploads/screenshots/small/511179.jpg
36596,https://wow.zamimg.com/uploads/screenshots/small/913697.jpg
50139,https://wow.zamimg.com/uploads/screenshots/small/469054.jpg
42111,https://wow.zamimg.com/uploads/screenshots/small/1141366.jpg
34750,https://wow.zamimg.com/uploads/screenshots/small/912400.jpg
41394,https://wow.zamimg.com/uploads/screenshots/small/586100.jpg
40589,https://wow.zamimg.com/uploads/screenshots/small/195249.jpg
54852,https://wow.zamimg.com/uploads/screenshots/small/716460.jpg
47923,https://wow.zamimg.com/uploads/screenshots/small/559384.jpg
41086,https://wow.zamimg.com/uploads/screenshots/small/452290.jpg
34258,https://wow.zamimg.com/uploads/screenshots/small/437991.jpg
44179,https://wow.zamimg.com/uploads/screenshots/small/201187.jpg
38647,https://wow.zamimg.com/uploads/screenshots/small/253582.jpg
51921,https://wow.zamimg.com/uploads/screenshots/small/396789.jpg
47015,https://wow.zamimg.com/uploads/screenshots/small/313909.jpg
52920,https://wow.zamimg.com/modelviewer/live/webthumbs/npc/193/38081.webp
47393,https://wow.zamimg.com/uploads/screenshots/small/1030676.jpg
38502,https://wow.zamimg.com/uploads/screenshots/small/611326.jpg
46603,https://wow.zamimg.com/uploads/screenshots/small/284703.jpg
42594,https://wow.zamimg.com/uploads/screenshots/small/363041.jpg
41023,https://wow.zamimg.com/uploads/screenshots/small/431455.jpg
36606,https://wow.zamimg.com/uploads/screenshots/small/755783.jpg
43397,https://wow.zamimg.com/uploads/screenshots/small/200011.jpg
43731,https://wow.zamimg.com/uploads/screenshots/small/870523.jpg
42684,https://wow.zamimg.com/uploads/screenshots/small/1143041.jpg
56069,https://wow.zamimg.com/uploads/screenshots/small/910922.jpg
52034,https://wow.zamimg.com/uploads/screenshots/small/429361.jpg
45267,https://wow.zamimg.com/uploads/screenshots/small/209752.jpg
37679,https://wow.zamimg.com/uploads/screenshots/small/257491.jpg
43193,https://wow.zamimg.com/uploads/screenshots/small/203866.jpg
49628,https://wow.zamimg.com/uploads/screenshots/small/674722.jpg
57770,https://wow.zamimg.com/uploads/screenshots/small/491229.jpg
55419,https://wow.zamimg.com/uploads/screenshots/small/503947.jpg
47341,https://wow.zamimg.com/uploads/screenshots/small/1104562.jpg
34420,https://wow.zamimg.com/uploads/screenshots/small/912641.jpg
44402,https://wow.zamimg.com/uploads/screenshots/small/420515.jpg
50382,https://wow.zamimg.com/uploads/screenshots/small/722999.jpg
41005,https://wow.zamimg.com/uploads/screenshots/small/535357.jpg
48521,https://wow.zamimg.com/uploads/screenshots/small/189431.jpg
36052,https://wow.zamimg.com/uploads/screenshots/small/901376.jpg
39379,https://wow.zamimg.com/uploads/screenshots/small/914562.jpg
37216,https://wow.zamimg.com/uploads/screenshots/small/555645.jpg
39377,https://wow.zamimg.com/uploads/screenshots/small/901388.jpg
41908,https://wow.zamimg.com/uploads/screenshots/small/199513.jpg
43369,https://wow.zamimg.com/uploads/screenshots/small/1140442.jpg
45552,https://wow.zamimg.com/uploads/screenshots/small/194835.jpg
40092,https://wow.zamimg.com/uploads/screenshots/small/1146657.jpg
50172,https://wow.zamimg.com/uploads/screenshots/small/197121.jpg
47023,https://wow.zamimg.com/uploads/screenshots/small/431255.jpg
45563,https://wow.zamimg.com/uploads/screenshots/small/914267.jpg
52190,https://wow.zamimg.com/uploads/screenshots/small/484805.jpg
44577,https://wow.zamimg.com/uploads/screenshots/small/443242.jpg
44197,https://wow.zamimg.com/uploads/screenshots/small/1141093.jpg
39638,https://wow.zamimg.com/uploads/screenshots/small/1142281.jpg
39946,https://wow.zamimg.com/uploads/screenshots/small/1101560.jpg
48269,https://wow.zamimg.com/uploads/screenshots/small/195865.jpg
52986,https://wow.zamimg.com/uploads/screenshots/small/429907.jpg
39865,https://wow.zamimg.com/uploads/screenshots/small/903409.jpg
47008,https://wow.zamimg.com/uploads/screenshots/small/512056.jpg
45995,https://wow.zamimg.com/uploads/screenshots/small/893268.jpg
48129,https://wow.zamimg.com/uploads/screenshots/small/482305.jpg
46094,https://wow.zamimg.com/uploads/screenshots/small/1141650.jpg
50247,https://wow.zamimg.com/uploads/screenshots/small/1065559.jpg
40282,https://wow.zamimg.com/uploads/screenshots/small/288007.jpg
51502,https://wow.zamimg.com/uploads/screenshots/small/609267.jpg
36457,https://wow.zamimg.com/uploads/screenshots/small/503567.jpg
45890,https://wow.zamimg.com/uploads/screenshots/small/495337.jpg
50381,https://wow.zamimg.com/uploads/screenshots/small/723015.jpg
41056,https://wow.zamimg.com/uploads/screenshots/small/560000.jpg
47572,https://wow.zamimg.com/uploads/screenshots/small/432479.jpg
34208,https://wow.zamimg.com/uploads/screenshots/small/912505.jpg
49224,https://wow.zamimg.com/uploads/screenshots/small/205459.jpg
50144,https://wow.zamimg.com/uploads/screenshots/small/514030.jpg
44968,https://wow.zamimg.com/uploads/screenshots/small/203461.jpg
32972,https://wow.zamimg.com/uploads/screenshots/small/483982.jpg
42814,https://wow.zamimg.com/uploads/screenshots/small/205589.jpg
40632,https://wow.zamimg.com/uploads/screenshots/small/1141773.jpg
52222,https://wow.zamimg.com/uploads/screenshots/small/387915.jpg
54674,https://wow.zamimg.com/uploads/screenshots/small/365732.jpg
45429,https://wow.zamimg.com/uploads/screenshots/small/1036683.jpg
44453,https://wow.zamimg.com/uploads/screenshots/small/450504.jpg
34544,https://wow.zamimg.com/uploads/screenshots/small/912272.jpg
43456,https://wow.zamimg.com/uploads/screenshots/small/218319.jpg
46136,https://wow.zamimg.com/uploads/screenshots/small/205432.jpg
44863,https://wow.zamimg.com/uploads/screenshots/small/450499.jpg
43454,https://wow.zamimg.com/uploads/screenshots/small/201157.jpg
45904,https://wow.zamimg.com/uploads/screenshots/small/843256.jpg
52919,https://wow.zamimg.com/modelviewer/live/webthumbs/npc/192/38080.webp
45175,https://wow.zamimg.com/uploads/screenshots/small/1143579.jpg
44825,https://wow.zamimg.com/uploads/screenshots/small/603242.jpg
45008,https://wow.zamimg.com/uploads/screenshots/small/195355.jpg
53528,https://wow.zamimg.com/uploads/screenshots/small/482349.jpg
50129,https://wow.zamimg.com/uploads/screenshots/small/462710.jpg
47579,https://wow.zamimg.com/uploads/screenshots/small/182759.jpg
41949,https://wow.zamimg.com/uploads/screenshots/small/605256.jpg
52921,https://wow.zamimg.com/uploads/screenshots/small/246325.jpg
42697,https://wow.zamimg.com/uploads/screenshots/small/190969.jpg
33204,https://wow.zamimg.com/uploads/screenshots/small/193856.jpg
44806,https://wow.zamimg.com/uploads/screenshots/small/1143555.jpg
38323,https://wow.zamimg.com/uploads/screenshots/small/556610.jpg
48316,https://wow.zamimg.com/uploads/screenshots/small/202358.jpg
49151,https://wow.zamimg.com/uploads/screenshots/small/1143516.jpg
39728,https://wow.zamimg.com/uploads/screenshots/small/1101670.jpg
43257,https://wow.zamimg.com/uploads/screenshots/small/201068.jpg
46090,https://wow.zamimg.com/uploads/screenshots/small/198605.jpg
50316,https://wow.zamimg.com/uploads/screenshots/small/200387.jpg
36056,https://wow.zamimg.com/uploads/screenshots/small/196508.jpg
34353,https://wow.zamimg.com/uploads/screenshots/small/1145808.jpg
37195,https://wow.zamimg.com/uploads/screenshots/small/217893.jpg
37812,https://wow.zamimg.com/uploads/screenshots/small/739661.jpg
45888,https://wow.zamimg.com/uploads/screenshots/small/635682.jpg
46716,https://wow.zamimg.com/uploads/screenshots/small/887957.jpg
40344,https://wow.zamimg.com/uploads/screenshots/small/610994.jpg
42815,https://wow.zamimg.com/uploads/screenshots/small/892659.jpg
42637,https://wow.zamimg.com/uploads/screenshots/small/605364.jpg
45137,https://wow.zamimg.com/uploads/screenshots/small/914274.jpg
39653,https://wow.zamimg.com/uploads/screenshots/small/872600.jpg
40449,https://wow.zamimg.com/uploads/screenshots/small/197310.jpg
44010,https://wow.zamimg.com/uploads/screenshots/small/200542.jpg
44352,https://wow.zamimg.com/uploads/screenshots/small/202152.jpg
55524,https://wow.zamimg.com/uploads/screenshots/small/255331.jpg
48861,https://wow.zamimg.com/uploads/screenshots/small/205330.jpg
57289,https://wow.zamimg.com/uploads/screenshots/small/257986.jpg
53067,https://wow.zamimg.com/uploads/screenshots/small/483943.jpg
37837,https://wow.zamimg.com/uploads/screenshots/small/195295.jpg
41039,https://wow.zamimg.com/uploads/screenshots/small/679852.jpg
33266,https://wow.zamimg.com/uploads/screenshots/small/758168.jpg
40837,https://wow.zamimg.com/uploads/screenshots/small/535309.jpg
39725,https://wow.zamimg.com/uploads/screenshots/small/872601.jpg
50146,https://wow.zamimg.com/uploads/screenshots/small/198578.jpg
43009,https://wow.zamimg.com/uploads/screenshots/small/458966.jpg
43738,https://wow.zamimg.com/uploads/screenshots/small/485268.jpg
47121,https://wow.zamimg.com/uploads/screenshots/small/842411.jpg
41136,https://wow.zamimg.com/uploads/screenshots/small/179866.jpg
42730,https://wow.zamimg.com/uploads/screenshots/small/1143128.jpg
41254,https://wow.zamimg.com/uploads/screenshots/small/221000.jpg
46134,https://wow.zamimg.com/uploads/screenshots/small/198942.jpg
45093,https://wow.zamimg.com/uploads/screenshots/small/358925.jpg
48216,https://wow.zamimg.com/uploads/screenshots/small/487323.jpg
42574,https://wow.zamimg.com/uploads/screenshots/small/1143020.jpg
46756,https://wow.zamimg.com/uploads/screenshots/small/203903.jpg
38015,https://wow.zamimg.com/uploads/screenshots/small/257488.jpg
48275,https://wow.zamimg.com/uploads/screenshots/small/205914.jpg
46760,https://wow.zamimg.com/uploads/screenshots/small/456990.jpg
43814,https://wow.zamimg.com/uploads/screenshots/small/191599.jpg
50155,https://wow.zamimg.com/uploads/screenshots/small/188317.jpg
41354,https://wow.zamimg.com/uploads/screenshots/small/1138362.jpg
43553,https://wow.zamimg.com/uploads/screenshots/small/612283.jpg
42228,https://wow.zamimg.com/uploads/screenshots/small/179705.jpg
40028,https://wow.zamimg.com/uploads/screenshots/small/913820.jpg
43239,https://wow.zamimg.com/uploads/screenshots/small/495203.jpg
46095,https://wow.zamimg.com/uploads/screenshots/small/195143.jpg
47195,https://wow.zamimg.com/uploads/screenshots/small/200700.jpg
35149,https://wow.zamimg.com/uploads/screenshots/small/874690.jpg
57922,https://wow.zamimg.com/uploads/screenshots/small/584767.jpg
46255,https://wow.zamimg.com/uploads/screenshots/small/463191.jpg
58232,https://wow.zamimg.com/uploads/screenshots/small/275159.jpg
45261,https://wow.zamimg.com/uploads/screenshots/small/209749.jpg
43556,https://wow.zamimg.com/uploads/screenshots/small/201189.jpg
33980,https://wow.zamimg.com/uploads/screenshots/small/777334.jpg
41983,https://wow.zamimg.com/uploads/screenshots/small/201245.jpg
53259,https://wow.zamimg.com/uploads/screenshots/small/232671.jpg
52938,https://wow.zamimg.com/uploads/screenshots/small/642781.jpg
44299,https://wow.zamimg.com/uploads/screenshots/small/216635.jpg
45523,https://wow.zamimg.com/uploads/screenshots/small/1143582.jpg
35757,https://wow.zamimg.com/uploads/screenshots/small/281868.jpg
47782,https://wow.zamimg.com/uploads/screenshots/small/1140613.jpg
39908,https://wow.zamimg.com/uploads/screenshots/small/1143541.jpg
47972,https://wow.zamimg.com/uploads/screenshots/small/1098255.jpg
39718,https://wow.zamimg.com/uploads/screenshots/small/450444.jpg
52292,https://wow.zamimg.com/uploads/screenshots/small/452137.jpg
42573,https://wow.zamimg.com/uploads/screenshots/small/200009.jpg
40105,https://wow.zamimg.com/uploads/screenshots/small/204087.jpg
40510,https://wow.zamimg.com/uploads/screenshots/small/1142241.jpg
54890,https://wow.zamimg.com/uploads/screenshots/small/264650.jpg
41944,https://wow.zamimg.com/uploads/screenshots/small/526961.jpg
46122,https://wow.zamimg.com/uploads/screenshots/small/1141400.jpg
52371,https://wow.zamimg.com/uploads/screenshots/small/221273.jpg
56072,https://wow.zamimg.com/uploads/screenshots/small/456010.jpg
45387,https://wow.zamimg.com/uploads/screenshots/small/911263.jpg
40475,https://wow.zamimg.com/uploads/screenshots/small/1146589.jpg
46889,https://wow.zamimg.com/uploads/screenshots/small/339869.jpg
39895,https://wow.zamimg.com/uploads/screenshots/small/295929.jpg
39927,https://wow.zamimg.com/uploads/screenshots/small/1142742.jpg
42308,https://wow.zamimg.com/uploads/screenshots/small/177015.jpg
49729,https://wow.zamimg.com/uploads/screenshots/small/1035297.jpg
45903,https://wow.zamimg.com/uploads/screenshots/small/635541.jpg
48873,https://wow.zamimg.com/uploads/screenshots/small/541435.jpg
44616,https://wow.zamimg.com/uploads/screenshots/small/773858.jpg
45399,https://wow.zamimg.com/uploads/screenshots/small/191713.jpg
42178,https://wow.zamimg.com/uploads/screenshots/small/749171.jpg
42180,https://wow.zamimg.com/uploads/screenshots/small/206990.jpg
42166,https://wow.zamimg.com/uploads/screenshots/small/206988.jpg
44576,https://wow.zamimg.com/uploads/screenshots/small/191711.jpg
43778,https://wow.zamimg.com/uploads/screenshots/small/1035304.jpg
42179,https://wow.zamimg.com/uploads/screenshots/small/206989.jpg
45286,https://wow.zamimg.com/uploads/screenshots/small/200886.jpg
48708,https://wow.zamimg.com/uploads/screenshots/small/214961.jpg
45344,https://wow.zamimg.com/uploads/screenshots/small/798192.jpg
42381,https://wow.zamimg.com/uploads/screenshots/small/190805.jpg
54504,https://wow.zamimg.com/uploads/screenshots/small/265525.jpg
49885,https://wow.zamimg.com/uploads/screenshots/small/199216.jpg
45412,https://wow.zamimg.com/uploads/screenshots/small/772721.jpg
44226,https://wow.zamimg.com/uploads/screenshots/small/201832.jpg
52258,https://wow.zamimg.com/uploads/screenshots/small/228064.jpg
52157,https://wow.zamimg.com/uploads/screenshots/small/1074192.jpg
43862,https://wow.zamimg.com/uploads/screenshots/small/1140556.jpg
42244,https://wow.zamimg.com/uploads/screenshots/small/202607.jpg
41388,https://wow.zamimg.com/uploads/screenshots/small/1141398.jpg
52286,https://wow.zamimg.com/uploads/screenshots/small/226760.jpg
53152,https://wow.zamimg.com/uploads/screenshots/small/231391.jpg
40131,https://wow.zamimg.com/uploads/screenshots/small/539244.jpg
53206,https://wow.zamimg.com/uploads/screenshots/small/235638.jpg
48665,https://wow.zamimg.com/uploads/screenshots/small/200134.jpg
53265,https://wow.zamimg.com/uploads/screenshots/small/235878.jpg
39428,https://wow.zamimg.com/uploads/screenshots/small/1090125.jpg
45740,https://wow.zamimg.com/uploads/screenshots/small/1106993.jpg
52271,https://wow.zamimg.com/uploads/screenshots/small/1135303.jpg
53694,https://wow.zamimg.com/uploads/screenshots/small/467569.jpg
52269,https://wow.zamimg.com/uploads/screenshots/small/456812.jpg
44481,https://wow.zamimg.com/uploads/screenshots/small/335363.jpg
45801,https://wow.zamimg.com/uploads/screenshots/small/885794.jpg
53695,https://wow.zamimg.com/uploads/screenshots/small/249677.jpg
38331,https://wow.zamimg.com/uploads/screenshots/small/391585.jpg
48664,https://wow.zamimg.com/uploads/screenshots/small/200135.jpg
41918,https://wow.zamimg.com/uploads/screenshots/small/432967.jpg
42248,https://wow.zamimg.com/uploads/screenshots/small/194494.jpg
45574,https://wow.zamimg.com/uploads/screenshots/small/540941.jpg
54339,https://wow.zamimg.com/uploads/screenshots/small/232510.jpg
42249,https://wow.zamimg.com/uploads/screenshots/small/194493.jpg
45739,https://wow.zamimg.com/uploads/screenshots/small/183195.jpg
47791,https://wow.zamimg.com/uploads/screenshots/small/193958.jpg
45681,https://wow.zamimg.com/uploads/screenshots/small/189519.jpg
34304,https://wow.zamimg.com/uploads/screenshots/small/193088.jpg
33181,https://wow.zamimg.com/uploads/screenshots/small/777363.jpg
46645,https://wow.zamimg.com/uploads/screenshots/small/210128.jpg
